area_file,person_id
finance_area_31.xlsx,Person_1
finance_area_199.xlsx,Person_2
finance_area_322.xlsx,Person_3
finance_area_107.xlsx,Person_4
finance_area_183.xlsx,Person_5
finance_area_297.xlsx,Person_6
finance_area_65.xlsx,Person_7
finance_area_278.xlsx,Person_8
finance_area_282.xlsx,Person_9
finance_area_190.xlsx,Person_10
finance_area_262.xlsx,Person_11
finance_area_36.xlsx,Person_12
finance_area_92.xlsx,Person_13
finance_area_224.xlsx,Person_14
finance_area_95.xlsx,Person_15
finance_area_237.xlsx,Person_16
finance_area_230.xlsx,Person_17
finance_area_229.xlsx,Person_18
finance_area_121.xlsx,Person_19
finance_area_103.xlsx,Person_20
finance_area_173.xlsx,Person_21
finance_area_260.xlsx,Person_22
finance_area_140.xlsx,Person_23
finance_area_59.xlsx,Person_24
finance_area_184.xlsx,Person_25
finance_area_85.xlsx,Person_26
finance_area_201.xlsx,Person_27
finance_area_205.xlsx,Person_28
finance_area_156.xlsx,Person_29
finance_area_50.xlsx,Person_30
finance_area_317.xlsx,Person_31
finance_area_287.xlsx,Person_32
finance_area_8.xlsx,Person_33
finance_area_259.xlsx,Person_34
finance_area_78.xlsx,Person_35
finance_area_257.xlsx,Person_36
finance_area_149.xlsx,Person_1
finance_area_129.xlsx,Person_2
finance_area_246.xlsx,Person_3
finance_area_25.xlsx,Person_4
finance_area_315.xlsx,Person_5
finance_area_137.xlsx,Person_6
finance_area_206.xlsx,Person_7
finance_area_255.xlsx,Person_8
finance_area_14.xlsx,Person_9
finance_area_80.xlsx,Person_10
finance_area_175.xlsx,Person_11
finance_area_86.xlsx,Person_12
finance_area_150.xlsx,Person_13
finance_area_113.xlsx,Person_14
finance_area_169.xlsx,Person_15
finance_area_180.xlsx,Person_16
finance_area_105.xlsx,Person_17
finance_area_168.xlsx,Person_18
finance_area_17.xlsx,Person_19
finance_area_67.xlsx,Person_20
finance_area_63.xlsx,Person_21
finance_area_258.xlsx,Person_22
finance_area_101.xlsx,Person_23
finance_area_165.xlsx,Person_24
finance_area_97.xlsx,Person_25
finance_area_308.xlsx,Person_26
finance_area_153.xlsx,Person_27
finance_area_210.xlsx,Person_28
finance_area_299.xlsx,Person_29
finance_area_254.xlsx,Person_30
finance_area_264.xlsx,Person_31
finance_area_114.xlsx,Person_32
finance_area_120.xlsx,Person_33
finance_area_218.xlsx,Person_34
finance_area_200.xlsx,Person_35
finance_area_304.xlsx,Person_36
finance_area_167.xlsx,Person_1
finance_area_74.xlsx,Person_2
finance_area_225.xlsx,Person_3
finance_area_274.xlsx,Person_4
finance_area_197.xlsx,Person_5
finance_area_203.xlsx,Person_6
finance_area_212.xlsx,Person_7
finance_area_198.xlsx,Person_8
finance_area_323.xlsx,Person_9
finance_area_127.xlsx,Person_10
finance_area_298.xlsx,Person_11
finance_area_232.xlsx,Person_12
finance_area_241.xlsx,Person_13
finance_area_300.xlsx,Person_14
finance_area_9.xlsx,Person_15
finance_area_46.xlsx,Person_16
finance_area_152.xlsx,Person_17
finance_area_305.xlsx,Person_18
finance_area_104.xlsx,Person_19
finance_area_47.xlsx,Person_20
finance_area_126.xlsx,Person_21
finance_area_119.xlsx,Person_22
finance_area_82.xlsx,Person_23
finance_area_39.xlsx,Person_24
finance_area_15.xlsx,Person_25
finance_area_83.xlsx,Person_26
finance_area_222.xlsx,Person_27
finance_area_288.xlsx,Person_28
finance_area_172.xlsx,Person_29
finance_area_273.xlsx,Person_30
finance_area_134.xlsx,Person_31
finance_area_301.xlsx,Person_32
finance_area_193.xlsx,Person_33
finance_area_236.xlsx,Person_34
finance_area_267.xlsx,Person_35
finance_area_239.xlsx,Person_36
finance_area_302.xlsx,Person_1
finance_area_228.xlsx,Person_2
finance_area_159.xlsx,Person_3
finance_area_281.xlsx,Person_4
finance_area_115.xlsx,Person_5
finance_area_61.xlsx,Person_6
finance_area_66.xlsx,Person_7
finance_area_116.xlsx,Person_8
finance_area_247.xlsx,Person_9
finance_area_182.xlsx,Person_10
finance_area_170.xlsx,Person_11
finance_area_296.xlsx,Person_12
finance_area_240.xlsx,Person_13
finance_area_164.xlsx,Person_14
finance_area_186.xlsx,Person_15
finance_area_112.xlsx,Person_16
finance_area_2.xlsx,Person_17
finance_area_108.xlsx,Person_18
finance_area_266.xlsx,Person_19
finance_area_161.xlsx,Person_20
finance_area_187.xlsx,Person_21
finance_area_248.xlsx,Person_22
finance_area_160.xlsx,Person_23
finance_area_12.xlsx,Person_24
finance_area_132.xlsx,Person_25
finance_area_41.xlsx,Person_26
finance_area_16.xlsx,Person_27
finance_area_40.xlsx,Person_28
finance_area_42.xlsx,Person_29
finance_area_211.xlsx,Person_30
finance_area_263.xlsx,Person_31
finance_area_177.xlsx,Person_32
finance_area_53.xlsx,Person_33
finance_area_87.xlsx,Person_34
finance_area_54.xlsx,Person_35
finance_area_23.xlsx,Person_36
finance_area_62.xlsx,Person_1
finance_area_231.xlsx,Person_2
finance_area_51.xlsx,Person_3
finance_area_313.xlsx,Person_4
finance_area_289.xlsx,Person_5
finance_area_215.xlsx,Person_6
finance_area_133.xlsx,Person_7
finance_area_303.xlsx,Person_8
finance_area_276.xlsx,Person_9
finance_area_81.xlsx,Person_10
finance_area_20.xlsx,Person_11
finance_area_275.xlsx,Person_12
finance_area_204.xlsx,Person_13
finance_area_77.xlsx,Person_14
finance_area_89.xlsx,Person_15
finance_area_71.xlsx,Person_16
finance_area_261.xlsx,Person_17
finance_area_283.xlsx,Person_18
finance_area_238.xlsx,Person_19
finance_area_285.xlsx,Person_20
finance_area_100.xlsx,Person_21
finance_area_202.xlsx,Person_22
finance_area_250.xlsx,Person_23
finance_area_29.xlsx,Person_24
finance_area_207.xlsx,Person_25
finance_area_321.xlsx,Person_26
finance_area_6.xlsx,Person_27
finance_area_213.xlsx,Person_28
finance_area_166.xlsx,Person_29
finance_area_125.xlsx,Person_30
finance_area_174.xlsx,Person_31
finance_area_49.xlsx,Person_32
finance_area_196.xlsx,Person_33
finance_area_279.xlsx,Person_34
finance_area_265.xlsx,Person_35
finance_area_219.xlsx,Person_36
finance_area_3.xlsx,Person_1
finance_area_34.xlsx,Person_2
finance_area_76.xlsx,Person_3
finance_area_158.xlsx,Person_4
finance_area_307.xlsx,Person_5
finance_area_176.xlsx,Person_6
finance_area_324.xlsx,Person_7
finance_area_242.xlsx,Person_8
finance_area_11.xlsx,Person_9
finance_area_130.xlsx,Person_10
finance_area_124.xlsx,Person_11
finance_area_252.xlsx,Person_12
finance_area_227.xlsx,Person_13
finance_area_30.xlsx,Person_14
finance_area_217.xlsx,Person_15
finance_area_277.xlsx,Person_16
finance_area_145.xlsx,Person_17
finance_area_185.xlsx,Person_18
finance_area_7.xlsx,Person_19
finance_area_26.xlsx,Person_20
finance_area_21.xlsx,Person_21
finance_area_136.xlsx,Person_22
finance_area_18.xlsx,Person_23
finance_area_35.xlsx,Person_24
finance_area_221.xlsx,Person_25
finance_area_122.xlsx,Person_26
finance_area_93.xlsx,Person_27
finance_area_226.xlsx,Person_28
finance_area_320.xlsx,Person_29
finance_area_1.xlsx,Person_30
finance_area_69.xlsx,Person_31
finance_area_57.xlsx,Person_32
finance_area_72.xlsx,Person_33
finance_area_19.xlsx,Person_34
finance_area_272.xlsx,Person_35
finance_area_58.xlsx,Person_36
finance_area_291.xlsx,Person_1
finance_area_192.xlsx,Person_2
finance_area_253.xlsx,Person_3
finance_area_188.xlsx,Person_4
finance_area_131.xlsx,Person_5
finance_area_319.xlsx,Person_6
finance_area_154.xlsx,Person_7
finance_area_234.xlsx,Person_8
finance_area_141.xlsx,Person_9
finance_area_312.xlsx,Person_10
finance_area_48.xlsx,Person_11
finance_area_109.xlsx,Person_12
finance_area_96.xlsx,Person_13
finance_area_28.xlsx,Person_14
finance_area_68.xlsx,Person_15
finance_area_123.xlsx,Person_16
finance_area_37.xlsx,Person_17
finance_area_306.xlsx,Person_18
finance_area_309.xlsx,Person_19
finance_area_102.xlsx,Person_20
finance_area_209.xlsx,Person_21
finance_area_128.xlsx,Person_22
finance_area_314.xlsx,Person_23
finance_area_245.xlsx,Person_24
finance_area_32.xlsx,Person_25
finance_area_56.xlsx,Person_26
finance_area_223.xlsx,Person_27
finance_area_155.xlsx,Person_28
finance_area_293.xlsx,Person_29
finance_area_220.xlsx,Person_30
finance_area_79.xlsx,Person_31
finance_area_214.xlsx,Person_32
finance_area_90.xlsx,Person_33
finance_area_106.xlsx,Person_34
finance_area_162.xlsx,Person_35
finance_area_64.xlsx,Person_36
finance_area_157.xlsx,Person_1
finance_area_139.xlsx,Person_2
finance_area_111.xlsx,Person_3
finance_area_24.xlsx,Person_4
finance_area_135.xlsx,Person_5
finance_area_75.xlsx,Person_6
finance_area_45.xlsx,Person_7
finance_area_294.xlsx,Person_8
finance_area_60.xlsx,Person_9
finance_area_311.xlsx,Person_10
finance_area_286.xlsx,Person_11
finance_area_290.xlsx,Person_12
finance_area_73.xlsx,Person_13
finance_area_325.xlsx,Person_14
finance_area_91.xlsx,Person_15
finance_area_280.xlsx,Person_16
finance_area_244.xlsx,Person_17
finance_area_138.xlsx,Person_18
finance_area_295.xlsx,Person_19
finance_area_270.xlsx,Person_20
finance_area_4.xlsx,Person_21
finance_area_194.xlsx,Person_22
finance_area_147.xlsx,Person_23
finance_area_10.xlsx,Person_24
finance_area_143.xlsx,Person_25
finance_area_171.xlsx,Person_26
finance_area_284.xlsx,Person_27
finance_area_13.xlsx,Person_28
finance_area_43.xlsx,Person_29
finance_area_181.xlsx,Person_30
finance_area_146.xlsx,Person_31
finance_area_44.xlsx,Person_32
finance_area_316.xlsx,Person_33
finance_area_110.xlsx,Person_34
finance_area_179.xlsx,Person_35
finance_area_52.xlsx,Person_36
finance_area_249.xlsx,Person_1
finance_area_94.xlsx,Person_2
finance_area_22.xlsx,Person_3
finance_area_88.xlsx,Person_4
finance_area_318.xlsx,Person_5
finance_area_148.xlsx,Person_6
finance_area_144.xlsx,Person_7
finance_area_256.xlsx,Person_8
finance_area_27.xlsx,Person_9
finance_area_98.xlsx,Person_10
finance_area_268.xlsx,Person_11
finance_area_251.xlsx,Person_12
finance_area_151.xlsx,Person_13
finance_area_142.xlsx,Person_14
finance_area_310.xlsx,Person_15
finance_area_33.xlsx,Person_16
finance_area_118.xlsx,Person_17
finance_area_243.xlsx,Person_18
finance_area_55.xlsx,Person_19
finance_area_271.xlsx,Person_20
finance_area_70.xlsx,Person_21
finance_area_38.xlsx,Person_22
finance_area_84.xlsx,Person_23
finance_area_233.xlsx,Person_24
finance_area_216.xlsx,Person_25
finance_area_235.xlsx,Person_26
finance_area_189.xlsx,Person_27
finance_area_178.xlsx,Person_28
finance_area_292.xlsx,Person_29
finance_area_208.xlsx,Person_30
finance_area_99.xlsx,Person_31
finance_area_117.xlsx,Person_32
finance_area_269.xlsx,Person_33
finance_area_163.xlsx,Person_34
finance_area_195.xlsx,Person_35
finance_area_5.xlsx,Person_36
finance_area_191.xlsx,Person_1
